<?xml version="1.0"?>

<bindings xmlns="http://www.mozilla.org/xbl"
          xmlns:xul="http://www.mozilla.org/keymaster/gatekeeper/there.is.only.xul"
          xmlns:xbl="http://www.mozilla.org/xbl">

  <binding id="key" extends="chrome://global/content/bindings/richlistbox.xml#richlistitem">
    <content orient="horizontal" align="center">
      <xul:image class="keyicon"/>
      <xul:vbox flex="1">
        <xul:label class="keyname" xbl:inherits="value=label"/>
        <xul:label class="keytype" xbl:inherits="value=type"/>
      </xul:vbox>
    </content>
  </binding>

</bindings>
